,komentar,TOKENIZATION,STOP_REMOVAL,STEMMER
0,sy vaksin  mei jam  pagi setelah vaksin tidur jam lebih alhamdulillah tidak ada kendala apa apa malemnya jm  langsung olahraga biar aliran darah lancar alhamdulillah badan enakan gak pegal pusing panas dingin semoga kedepannya tidak ada efek samping apapun ,"['saya', 'vaksin', 'mei', 'jam', 'pagi', 'setelah', 'vaksin', 'tidur', 'jam', 'lebih', 'alhamdulillah', 'tidak', 'ada', 'kendala', 'apa', 'apa', 'malemnya', 'jam', 'langsung', 'olahraga', 'biar', 'aliran', 'darah', 'lancar', 'alhamdulillah', 'badan', 'enakan', 'tidak', 'pegal', 'pusing', 'panas', 'dingin', 'semoga', 'kedepannya', 'tidak', 'ada', 'efek', 'samping', 'apapun']","['vaksin', 'mei', 'jam', 'pagi', 'vaksin', 'tidur', 'jam', 'alhamdulillah', 'tidak', 'kendala', 'malemnya', 'jam', 'langsung', 'olahraga', 'aliran', 'darah', 'lancar', 'alhamdulillah', 'badan', 'enakan', 'tidak', 'pegal', 'pusing', 'panas', 'dingin', 'semoga', 'kedepannya', 'tidak', 'efek', 'samping', 'apapun']",vaksin mei jam pagi vaksin tidur jam alhamdulillah tidak kendala malemnya jam langsung olahraga alir darah lancar alhamdulillah badan enak tidak pegal pusing panas dingin moga depan tidak efek samping apa
1,aamiin,['amin'],['amin'],amin
2,yg hawatirkan itu epek jangka panjangnya,"['yang', 'hawatirkan', 'itu', 'efek', 'jangka', 'panjangnya']","['hawatirkan', 'efek', 'jangka', 'panjangnya']",hawatirkan efek jangka panjang
3,setelah vaksin siang jam  malam tidur terbangun badan menggigil agak pusing badan nggreges seperti org kena flu meriang akhirnya minum parasetamol lumayan bisa tidur seperti kena sakit flu sampai makan jeruk tomat istirahat smpai  hari baru lumayan sebab saya buat jalan pagi kena sinar ,"['setelah', 'vaksin', 'siang', 'jam', 'malam', 'tidur', 'terbangun', 'badan', 'menggigil', 'agak', 'pusing', 'badan', 'nggreges', 'seperti', 'orang', 'kena', 'flu', 'meriang', 'akhirnya', 'minum', 'paracetamol', 'lumayan', 'bisa', 'tidur', 'seperti', 'kena', 'sakit', 'flu', 'sampai', 'makan', 'jeruk', 'tomat', 'istirahat', 'sampai', 'hari', 'baru', 'lumayan', 'sebab', 'saya', 'buat', 'jalan', 'pagi', 'kena', 'sinar']","['vaksin', 'siang', 'jam', 'malam', 'tidur', 'terbangun', 'badan', 'menggigil', 'pusing', 'badan', 'nggreges', 'orang', 'kena', 'flu', 'meriang', 'minum', 'paracetamol', 'lumayan', 'tidur', 'kena', 'sakit', 'flu', 'makan', 'jeruk', 'tomat', 'istirahat', 'lumayan', 'jalan', 'pagi', 'kena', 'sinar']",vaksin siang jam malam tidur bangun badan gigil pusing badan nggreges orang kena flu meriang minum paracetamol lumayan tidur kena sakit flu makan jeruk tomat istirahat lumayan jalan pagi kena sinar
4,saya  th tinggal di jerman telah di vaksin astrazeneca pada  february kemarin itu yang disebutkan di berita memang benar adanya pada kasus saya hanya di hari pertama sesudah vaksin saya kurang enak badan dan lengan bekas suntikan vaksin agak sedikit sakit tapi itu cuma berlangsung  hari saja di kasus saya dan sekarang saya tidak merasakan apa ,"['saya', 'tahu', 'tinggal', 'di', 'jerman', 'telah', 'di', 'vaksin', 'astrazeneca', 'pada', 'february', 'kemarin', 'itu', 'yang', 'disebutkan', 'di', 'berita', 'memang', 'benar', 'adanya', 'pada', 'kasus', 'saya', 'hanya', 'di', 'hari', 'pertama', 'sesudah', 'vaksin', 'saya', 'kurang', 'enak', 'badan', 'dan', 'lengan', 'bekas', 'suntik', 'vaksin', 'agak', 'sedikit', 'sakit', 'tapi', 'itu', 'cuma', 'berlangsung', 'hari', 'saja', 'di', 'kasus', 'saya', 'dan', 'sekarang', 'saya', 'tidak', 'merasakan', 'apa']","['tinggal', 'jerman', 'vaksin', 'astrazeneca', 'february', 'kemarin', 'berita', 'vaksin', 'enak', 'badan', 'lengan', 'bekas', 'suntik', 'vaksin', 'sakit', 'tidak', 'merasakan']",tinggal jerman vaksin astrazeneca february kemarin berita vaksin enak badan lengan bekas suntik vaksin sakit tidak rasa
5,sy sekeluarga tetep nunggu vaksin nusantara ajahh karna bbrp dr kami ada komorbid smoga vaksin nusantara sgr rilis dan tdk ada yg berusaha menghalangi dgn berbagai cara demi kepentingan pribadinya aamiin ,"['saya', 'sekeluarga', 'tetap', 'tunggu', 'vaksin', 'nusantara', 'ajahh', 'karena', 'beberapa', 'dari', 'kami', 'ada', 'komorbid', 'semoga', 'vaksin', 'nusantara', 'sgr', 'rilis', 'dan', 'tidak', 'ada', 'yang', 'berusaha', 'menghalangi', 'dengan', 'berbagai', 'cara', 'demi', 'kepentingan', 'pribadinya', 'amin']","['sekeluarga', 'tunggu', 'vaksin', 'nusantara', 'ajahh', 'komorbid', 'semoga', 'vaksin', 'nusantara', 'sgr', 'rilis', 'tidak', 'berusaha', 'menghalangi', 'kepentingan', 'pribadinya', 'amin']",keluarga tunggu vaksin nusantara ajahh komorbid moga vaksin nusantara sgr rilis tidak usaha halang penting pribadi amin
6,alhamdulillah yang sudah di vaksin semoga sehat semua dan panjang umur aamiin,"['alhamdulillah', 'yang', 'sudah', 'di', 'vaksin', 'semoga', 'sehat', 'semua', 'dan', 'panjang', 'umur', 'amin']","['alhamdulillah', 'vaksin', 'semoga', 'sehat', 'umur', 'amin']",alhamdulillah vaksin moga sehat umur amin
7,saya tadi siang vaksin pertama astra di pasar pagi mangga dua kira jam lewat pada jam malamnya badan terasa pegal badan hangat sampai skrg jam  ini telet bawaannya mau rebahan thanks lord ,"['saya', 'tadi', 'siang', 'vaksin', 'pertama', 'astrazeneca', 'di', 'pasar', 'pagi', 'mangga', 'dua', 'kira', 'jam', 'lewat', 'pada', 'jam', 'malamnya', 'badan', 'terasa', 'pegal', 'badan', 'hangat', 'sampai', 'sekarang', 'jam', 'ini', 'telet', 'bawaannya', 'mau', 'rebahan', 'thanks', 'lord']","['siang', 'vaksin', 'astrazeneca', 'pasar', 'pagi', 'mangga', 'jam', 'jam', 'malamnya', 'badan', 'pegal', 'badan', 'hangat', 'jam', 'telet', 'bawaannya', 'rebahan', 'thanks', 'lord']",siang vaksin astrazeneca pasar pagi mangga jam jam malam badan pegal badan hangat jam telet bawa rebah thanks lord
8,saya vaksin astrazeneca tgl  mei pagi malamnya meriang suhu  ga terlalu tinggi besok paginya sudah tidak panas tapi badan masih merasa kurang enak masih suka menggigil  hari minum paracetamol yg diberikan petugas setelah vaksin alhamdulillah tanggal nya sudah sehat dan bisa ikut lebaran ,"['saya', 'vaksin', 'astrazeneca', 'tanggal', 'mei', 'pagi', 'malamnya', 'meriang', 'suhu', 'enggak', 'terlalu', 'tinggi', 'besok', 'paginya', 'sudah', 'tidak', 'panas', 'tapi', 'badan', 'masih', 'merasa', 'kurang', 'enak', 'masih', 'suka', 'menggigil', 'hari', 'minum', 'paracetamol', 'yang', 'diberikan', 'petugas', 'setelah', 'vaksin', 'alhamdulillah', 'tanggal', 'nya', 'sudah', 'sehat', 'dan', 'bisa', 'ikut', 'lebaran']","['vaksin', 'astrazeneca', 'tanggal', 'mei', 'pagi', 'malamnya', 'meriang', 'suhu', 'enggak', 'besok', 'paginya', 'tidak', 'panas', 'badan', 'enak', 'suka', 'menggigil', 'minum', 'paracetamol', 'petugas', 'vaksin', 'alhamdulillah', 'tanggal', 'sehat', 'lebaran']",vaksin astrazeneca tanggal mei pagi malam meriang suhu enggak besok pagi tidak panas badan enak suka gigil minum paracetamol tugas vaksin alhamdulillah tanggal sehat lebaran
9,saya pun sudah disuntik dgn vaksin az nie tengahari kena suntik malam saya demam mkn ubat panadol besok pagi sudah kurang hari ke  sihat spt biasa ini di malaysia malaysia pun guna vaksin az utk rakyat nya ,"['saya', 'pun', 'sudah', 'disuntik', 'dengan', 'vaksin', 'astrazeneca', 'ini', 'tengahari', 'kena', 'suntik', 'malam', 'saya', 'demam', 'makan', 'ubat', 'panadol', 'besok', 'pagi', 'sudah', 'kurang', 'hari', 'ke', 'sehat', 'seperti', 'biasa', 'ini', 'di', 'malaysia', 'malaysia', 'pun', 'guna', 'vaksin', 'astrazeneca', 'untuk', 'rakyat', 'nya']","['disuntik', 'vaksin', 'astrazeneca', 'tengahari', 'kena', 'suntik', 'malam', 'demam', 'makan', 'ubat', 'panadol', 'besok', 'pagi', 'sehat', 'malaysia', 'malaysia', 'vaksin', 'astrazeneca', 'rakyat']",suntik vaksin astrazeneca tengahari kena suntik malam demam makan ubat panadol besok pagi sehat malaysia malaysia vaksin astrazeneca rakyat
10,klo rata keluhan temen saya pake sinovac jarang yg demam klo yg astra bnyak yg demam sya sendiri tadi siang pake astra jam malem baru berasa demam kpla agak sakit trus pengen rebahan mulu ,"['kalau', 'rata', 'keluhan', 'teman', 'saya', 'pakai', 'sinovac', 'jarang', 'yang', 'demam', 'kalau', 'yang', 'astrazeneca', 'banyak', 'yang', 'demam', 'saya', 'sendiri', 'tadi', 'siang', 'pakai', 'astrazeneca', 'jam', 'malam', 'baru', 'rasa', 'demam', 'kepala', 'agak', 'sakit', 'terus', 'ingin', 'rebahan', 'mulu']","['keluhan', 'teman', 'pakai', 'sinovac', 'jarang', 'demam', 'astrazeneca', 'demam', 'siang', 'pakai', 'astrazeneca', 'jam', 'malam', 'demam', 'kepala', 'sakit', 'rebahan', 'mulu']",keluh teman pakai sinovac jarang demam astrazeneca demam siang pakai astrazeneca jam malam demam kepala sakit rebah mulu
11,alhamdulillah vaksin pertama az demam banget vaksin kedua az biasa aja vaksin ketiga az sedikit demam ,"['alhamdulillah', 'vaksin', 'pertama', 'astrazeneca', 'demam', 'sangat', 'vaksin', 'kedua', 'astrazeneca', 'biasa', 'saja', 'vaksin', 'ketiga', 'astrazeneca', 'sedikit', 'demam']","['alhamdulillah', 'vaksin', 'astrazeneca', 'demam', 'vaksin', 'astrazeneca', 'vaksin', 'ketiga', 'astrazeneca', 'demam']",alhamdulillah vaksin astrazeneca demam vaksin astrazeneca vaksin tiga astrazeneca demam
12,saya baru vaksin az sabtu  pagi dan minggu malam sdh mulai pulih setelah vaksin malamnya langsung demam ngilu tidak bisa tidur dan nyeri di daerah lengan suntikan ,"['saya', 'baru', 'vaksin', 'astrazeneca', 'sabtu', 'pagi', 'dan', 'minggu', 'malam', 'sudah', 'mulai', 'pulih', 'setelah', 'vaksin', 'malamnya', 'langsung', 'demam', 'ngilu', 'tidak', 'bisa', 'tidur', 'dan', 'nyeri', 'di', 'daerah', 'lengan', 'suntik']","['vaksin', 'astrazeneca', 'sabtu', 'pagi', 'minggu', 'malam', 'pulih', 'vaksin', 'malamnya', 'langsung', 'demam', 'ngilu', 'tidak', 'tidur', 'nyeri', 'daerah', 'lengan', 'suntik']",vaksin astrazeneca sabtu pagi minggu malam pulih vaksin malam langsung demam ngilu tidak tidur nyeri daerah lengan suntik
13,alhamdulillah tgl kemaren divaksin astra jenica tdk ada gelala yg timbul malah badanku terasa ringan dlm beraktivitas ,"['alhamdulillah', 'tanggal', 'kemarin', 'divaksin', 'astrazeneca', 'jenica', 'tidak', 'ada', 'gelala', 'yang', 'timbul', 'malah', 'badanku', 'terasa', 'ringan', 'dalam', 'beraktivitas']","['alhamdulillah', 'tanggal', 'kemarin', 'divaksin', 'astrazeneca', 'jenica', 'tidak', 'gelala', 'timbul', 'badanku', 'ringan', 'beraktivitas']",alhamdulillah tanggal kemarin vaksin astrazeneca jenica tidak gala timbul badan ringan aktivitas
14,trima kasih infonya salam indonesia sehat ,"['terima', 'kasih', 'infonya', 'salam', 'indonesia', 'sehat']","['terima', 'kasih', 'infonya', 'salam', 'indonesia', 'sehat']",terima kasih info salam indonesia sehat
15,tak ada rotan akar pun jadi akan lebih baik buatan anak bangsa sendiri lebih hemat dapat di percaya ,"['tak', 'ada', 'rotan', 'akar', 'pun', 'jadi', 'akan', 'lebih', 'baik', 'buatan', 'anak', 'bangsa', 'sendiri', 'lebih', 'hemat', 'dapat', 'di', 'percaya']","['rotan', 'akar', 'buatan', 'anak', 'bangsa', 'hemat', 'percaya']",rotan akar buat anak bangsa hemat percaya
16,ini hari ke  sejak vaksin kepala pusing sakit mual badan pegal tangan bekas suntikan jg nyeri dan jaram semoga segera membaik ,"['ini', 'hari', 'ke', 'sejak', 'vaksin', 'kepala', 'pusing', 'sakit', 'mual', 'badan', 'pegal', 'tangan', 'bekas', 'suntik', 'juga', 'nyeri', 'dan', 'jaram', 'semoga', 'segera', 'membaik']","['vaksin', 'kepala', 'pusing', 'sakit', 'mual', 'badan', 'pegal', 'tangan', 'bekas', 'suntik', 'nyeri', 'jaram', 'semoga', 'membaik']",vaksin kepala pusing sakit mual badan pegal tangan bekas suntik nyeri jaram moga baik
17,saya hari jumat abis vaksin astra zeneca batch  yg sempat viral kasus meninggal batch  itu di hentikan pas di suntik tidak merasakqn apa pas malam nya sekitar pukul  saya demam suhu agak naik sedikit minum paracetamol mendingan badan terasa ngilu seperti abis kerja keras di malam ke  saya sudah tidak demam hanya masih lemas aja dan masih terasa ngilu dan lemas sedikit semoga hari ke  saya sudah full sehat nya ,"['saya', 'hari', 'jumat', 'habis', 'vaksin', 'astrazeneca', 'zeneca', 'batch', 'yang', 'sempat', 'viral', 'kasus', 'meninggal', 'batch', 'itu', 'di', 'hentikan', 'pas', 'di', 'suntik', 'tidak', 'merasakqn', 'apa', 'pas', 'malam', 'nya', 'sekitar', 'pukul', 'saya', 'demam', 'suhu', 'agak', 'naik', 'sedikit', 'minum', 'paracetamol', 'mendingan', 'badan', 'terasa', 'ngilu', 'seperti', 'habis', 'kerja', 'keras', 'di', 'malam', 'ke', 'saya', 'sudah', 'tidak', 'demam', 'hanya', 'masih', 'lemas', 'saja', 'dan', 'masih', 'terasa', 'ngilu', 'dan', 'lemas', 'sedikit', 'semoga', 'hari', 'ke', 'saya', 'sudah', 'full', 'sehat', 'nya']","['jumat', 'habis', 'vaksin', 'astrazeneca', 'zeneca', 'batch', 'viral', 'meninggal', 'batch', 'hentikan', 'suntik', 'tidak', 'merasakqn', 'malam', 'demam', 'suhu', 'minum', 'paracetamol', 'mendingan', 'badan', 'ngilu', 'habis', 'kerja', 'keras', 'malam', 'tidak', 'demam', 'lemas', 'ngilu', 'lemas', 'semoga', 'full', 'sehat']",jumat habis vaksin astrazeneca zeneca batch viral tinggal batch henti suntik tidak merasakqn malam demam suhu minum paracetamol mending badan ngilu habis kerja keras malam tidak demam lemas ngilu lemas moga full sehat
18,saya udh vaksin astra tgl  agustus  kemaren siank di vaksin ngga ngerasain apa mlm baru kerasa kyak mau demam cuma ngga panas kepala muter pas minum paracetamol normal lagi bsok di anjurin sama yg sudah vaksin minum kelapa muda alhamdulillah habis mnum kelapa keringat dingin keluar yg pagi nyentuh aer dingin bnget habis minum aer kelapa jadi normal lagi tetangga saya ad yg ngga bisa bngun mungkin faktor imun org juga ini saja pengalaman saya semoga ad faedah anjuran saya buat yg punya penyakit atau ngerasa bdan kurang fit mending ngga usah vaksin doloe tunggu sampe bdan bnar fit baru di vaksin,"['saya', 'sudah', 'vaksin', 'astrazeneca', 'tanggal', 'agustus', 'kemarin', 'siank', 'di', 'vaksin', 'tidak', 'merasai', 'apa', 'malam', 'baru', 'kerasa', 'kayak', 'mau', 'demam', 'cuma', 'tidak', 'panas', 'kepala', 'muter', 'pas', 'minum', 'paracetamol', 'normal', 'lagi', 'besok', 'di', 'anjurin', 'sama', 'yang', 'sudah', 'vaksin', 'minum', 'kelapa', 'muda', 'alhamdulillah', 'habis', 'minum', 'kelapa', 'keringat', 'dingin', 'keluar', 'yang', 'pagi', 'nyentuh', 'air', 'dingin', 'sangat', 'habis', 'minum', 'air', 'kelapa', 'jadi', 'normal', 'lagi', 'tetangga', 'saya', 'ada', 'yang', 'tidak', 'bisa', 'bangun', 'mungkin', 'faktor', 'imun', 'orang', 'juga', 'ini', 'saja', 'pengalaman', 'saya', 'semoga', 'ada', 'faedah', 'anjuran', 'saya', 'buat', 'yang', 'punya', 'penyakit', 'atau', 'merasa', 'badan', 'kurang', 'fit', 'mending', 'tidak', 'usah', 'vaksin', 'doloe', 'tunggu', 'sampai', 'badan', 'bnar', 'fit', 'baru', 'di', 'vaksin']","['vaksin', 'astrazeneca', 'tanggal', 'agustus', 'kemarin', 'siank', 'vaksin', 'tidak', 'merasai', 'malam', 'kerasa', 'kayak', 'demam', 'tidak', 'panas', 'kepala', 'muter', 'minum', 'paracetamol', 'normal', 'besok', 'anjurin', 'vaksin', 'minum', 'kelapa', 'muda', 'alhamdulillah', 'habis', 'minum', 'kelapa', 'keringat', 'dingin', 'pagi', 'nyentuh', 'air', 'dingin', 'habis', 'minum', 'air', 'kelapa', 'normal', 'tetangga', 'tidak', 'bangun', 'faktor', 'imun', 'orang', 'pengalaman', 'semoga', 'faedah', 'anjuran', 'penyakit', 'badan', 'fit', 'mending', 'tidak', 'vaksin', 'doloe', 'tunggu', 'badan', 'bnar', 'fit', 'vaksin']",vaksin astrazeneca tanggal agustus kemarin siank vaksin tidak rasai malam rasa kayak demam tidak panas kepala muter minum paracetamol normal besok anjurin vaksin minum kelapa muda alhamdulillah habis minum kelapa keringat dingin pagi nyentuh air dingin habis minum air kelapa normal tetangga tidak bangun faktor imun orang alam moga faedah anjur sakit badan fit mending tidak vaksin doloe tunggu badan bnar fit vaksin
19,sy tdk merasakan apa alhamdulillah x vaksin ,"['saya', 'tidak', 'merasakan', 'apa', 'alhamdulillah', 'kali', 'vaksin']","['tidak', 'merasakan', 'alhamdulillah', 'kali', 'vaksin']",tidak rasa alhamdulillah kali vaksin
20,mau nikah aja kudu divaksin efeknya demam ga tega liat yg demam sampe sakit kepala bb nya turun kalo gak divaksin surat dari puskesmas utk catin gk dikasih padahal manten tinggal dipelosok aturan macam apa ini sungguh memepersulit semuanya jarak setelah divaksin ke suntik utk catin juga harus  minggu lebih udah lah lokasi mantenn jauh bolak balek cuman ngurussin vaksin mau nikah ribet amatt,"['mau', 'nikah', 'saja', 'kudu', 'divaksin', 'efeknya', 'demam', 'enggak', 'tega', 'lihat', 'yang', 'demam', 'sampai', 'sakit', 'kepala', 'bb', 'nya', 'turun', 'kalo', 'tidak', 'divaksin', 'surat', 'dari', 'puskesmas', 'untuk', 'catin', 'tidak', 'dikasih', 'padahal', 'manten', 'tinggal', 'dipelosok', 'aturan', 'macam', 'apa', 'ini', 'sungguh', 'memepersulit', 'semuanya', 'jarak', 'setelah', 'divaksin', 'ke', 'suntik', 'untuk', 'catin', 'juga', 'harus', 'minggu', 'lebih', 'sudah', 'lah', 'lokasi', 'mantenn', 'jauh', 'bolak', 'balek', 'cuman', 'ngurussin', 'vaksin', 'mau', 'nikah', 'ribet', 'amat']","['nikah', 'kudu', 'divaksin', 'efeknya', 'demam', 'enggak', 'tega', 'lihat', 'demam', 'sakit', 'kepala', 'bb', 'turun', 'tidak', 'divaksin', 'surat', 'puskesmas', 'catin', 'tidak', 'dikasih', 'manten', 'tinggal', 'dipelosok', 'aturan', 'sungguh', 'memepersulit', 'jarak', 'divaksin', 'suntik', 'catin', 'minggu', 'lokasi', 'mantenn', 'bolak', 'balek', 'cuman', 'ngurussin', 'vaksin', 'nikah', 'ribet']",nikah kudu vaksin efek demam enggak tega lihat demam sakit kepala bb turun tidak vaksin surat puskesmas catin tidak kasih manten tinggal pelosok atur sungguh sulit jarak vaksin suntik catin minggu lokasi mantenn bolak balek cuman ngurussin vaksin nikah ribet
21,sy th sdh vaksin tgl  kmrn divaksin pkul  siang efek menggigil sebentar pukul  mlm lalu bdan hangat sampe pagi pagi hari minum paracetamol sekali trus baik aj sampe skrg alhamdulillah,"['saya', 'tahu', 'sudah', 'vaksin', 'tanggal', 'kemarin', 'divaksin', 'pkul', 'siang', 'efek', 'menggigil', 'sebentar', 'pukul', 'malam', 'lalu', 'badan', 'hangat', 'sampai', 'pagi', 'pagi', 'hari', 'minum', 'paracetamol', 'sekali', 'terus', 'baik', 'saja', 'sampai', 'sekarang', 'alhamdulillah']","['vaksin', 'tanggal', 'kemarin', 'divaksin', 'pkul', 'siang', 'efek', 'menggigil', 'sebentar', 'malam', 'badan', 'hangat', 'pagi', 'pagi', 'minum', 'paracetamol', 'alhamdulillah']",vaksin tanggal kemarin vaksin pkul siang efek gigil sebentar malam badan hangat pagi pagi minum paracetamol alhamdulillah
22,dok saya uda di vaksin aztraveneca untung aman dok cuman  hari pegel di badan abiz itu normal lagi tunggu tahap  lagi bulan agustus,"['dokter', 'saya', 'sudah', 'di', 'vaksin', 'aztraveneca', 'untung', 'aman', 'dokter', 'cuman', 'hari', 'pegal', 'di', 'badan', 'habis', 'itu', 'normal', 'lagi', 'tunggu', 'tahap', 'lagi', 'bulan', 'agustus']","['dokter', 'vaksin', 'aztraveneca', 'untung', 'aman', 'dokter', 'cuman', 'pegal', 'badan', 'habis', 'normal', 'tunggu', 'tahap', 'agustus']",dokter vaksin aztraveneca untung aman dokter cuman pegal badan habis normal tunggu tahap agustus
23,astrazeneca di iktiraf di  buah negara di dnia trmasuk arab saudi mempunyai  kbrhsilan utk mlawan varian delta ,"['astrazeneca', 'di', 'iktiraf', 'di', 'buah', 'negara', 'di', 'dnia', 'termasuk', 'arab', 'saudi', 'mempunyai', 'kbrhsilan', 'untuk', 'mlawan', 'varian', 'delta']","['astrazeneca', 'iktiraf', 'buah', 'negara', 'dnia', 'arab', 'saudi', 'kbrhsilan', 'mlawan', 'varian', 'delta']",astrazeneca iktiraf buah negara dnia arab saudi kbrhsilan mlawan varian delta
24,terimakasih pak dokter sdh memberikan informasi yang sangat berguna bagi masyarakat,"['terimakasih', 'pak', 'dokter', 'sudah', 'memberikan', 'informasi', 'yang', 'sangat', 'berguna', 'bagi', 'masyarakat']","['terimakasih', 'dokter', 'informasi', 'berguna', 'masyarakat']",terimakasih dokter informasi guna masyarakat
25,mantap dokter penjelasannya sangat membantu ditengah berita sana sini yg bikin takut saya habis vaksin az tgl  sept  efek hanya pegal saja bekas suntikannya pulangnya saya malah lahap makan dan minum air degan ijo dok paginya alhamdulillah tidak ada efek hari ini tgl  sept  ,"['mantap', 'dokter', 'penjelasannya', 'sangat', 'membantu', 'ditengah', 'berita', 'sana', 'sini', 'yang', 'bikin', 'takut', 'saya', 'habis', 'vaksin', 'astrazeneca', 'tanggal', 'sept', 'efek', 'hanya', 'pegal', 'saja', 'bekas', 'suntik', 'pulangnya', 'saya', 'malah', 'lahap', 'makan', 'dan', 'minum', 'air', 'dengan', 'hijau', 'dokter', 'paginya', 'alhamdulillah', 'tidak', 'ada', 'efek', 'hari', 'ini', 'tanggal', 'sept']","['mantap', 'dokter', 'penjelasannya', 'membantu', 'ditengah', 'berita', 'takut', 'habis', 'vaksin', 'astrazeneca', 'tanggal', 'sept', 'efek', 'pegal', 'bekas', 'suntik', 'pulangnya', 'lahap', 'makan', 'minum', 'air', 'hijau', 'dokter', 'paginya', 'alhamdulillah', 'tidak', 'efek', 'tanggal', 'sept']",mantap dokter jelas bantu tengah berita takut habis vaksin astrazeneca tanggal sept efek pegal bekas suntik pulang lahap makan minum air hijau dokter pagi alhamdulillah tidak efek tanggal sept
26,dok harusnya orang yang daya tahan tubuhnya lemah dilarang vaksin agar tak terjadi efek samping yang berlebihan vaksin aman hanya untuk orang yang daya tahan tubuhnya kuat dari awalnya,"['dokter', 'harusnya', 'orang', 'yang', 'daya', 'tahan', 'tubuhnya', 'lemah', 'dilarang', 'vaksin', 'agar', 'tak', 'terjadi', 'efek', 'samping', 'yang', 'berlebihan', 'vaksin', 'aman', 'hanya', 'untuk', 'orang', 'yang', 'daya', 'tahan', 'tubuhnya', 'kuat', 'dari', 'awalnya']","['dokter', 'orang', 'daya', 'tahan', 'tubuhnya', 'lemah', 'dilarang', 'vaksin', 'efek', 'samping', 'vaksin', 'aman', 'orang', 'daya', 'tahan', 'tubuhnya', 'kuat']",dokter orang daya tahan tubuh lemah larang vaksin efek samping vaksin aman orang daya tahan tubuh kuat
27,maaf dok hanya ingin membagi pengalaman pribadi saya tinggal di eropa tepatnya italy sampai sebulan yang lalu pemerintah sini gencar vaksin dgn objek  populasi ter vaksin sebelum musim panas sampai diadakan vaksin masal saya pun ikut vaksin masal krn kalau menunggu giliran umur saya harus menunggu kurang lebih  bulan lagi saya vaksin dosis pertama  may dgn astrazeneca,"['maaf', 'dokter', 'hanya', 'ingin', 'membagi', 'pengalaman', 'pribadi', 'saya', 'tinggal', 'di', 'eropa', 'tepatnya', 'italy', 'sampai', 'sebulan', 'yang', 'lalu', 'pemerintah', 'sini', 'gencar', 'vaksin', 'dengan', 'objek', 'populasi', 'ter', 'vaksin', 'sebelum', 'musim', 'panas', 'sampai', 'diadakan', 'vaksin', 'masal', 'saya', 'pun', 'ikut', 'vaksin', 'masal', 'karena', 'kalau', 'menunggu', 'giliran', 'umur', 'saya', 'harus', 'menunggu', 'kurang', 'lebih', 'bulan', 'lagi', 'saya', 'vaksin', 'dosis', 'pertama', 'mau', 'dengan', 'astrazeneca']","['maaf', 'dokter', 'membagi', 'pengalaman', 'pribadi', 'tinggal', 'eropa', 'tepatnya', 'italy', 'sebulan', 'pemerintah', 'gencar', 'vaksin', 'objek', 'populasi', 'ter', 'vaksin', 'musim', 'panas', 'diadakan', 'vaksin', 'masal', 'vaksin', 'masal', 'menunggu', 'giliran', 'umur', 'menunggu', 'vaksin', 'dosis', 'astrazeneca']",maaf dokter bagi alam pribadi tinggal eropa tepat italy bulan perintah gencar vaksin objek populasi ter vaksin musim panas ada vaksin masal vaksin masal tunggu gilir umur tunggu vaksin dosis astrazeneca
28,terima kasih edukasinya dok ,"['terima', 'kasih', 'edukasinya', 'dokter']","['terima', 'kasih', 'edukasinya', 'dokter']",terima kasih edukasi dokter
29,hai dok mau nanya kalau pada saat setiap terlalu kelelahan lalu menyebabkan seperti lebam biru dan merah di kaki betis paha lalu bbrp hari kemudian menghilang lagi dengan sendirinya apakah itu termasuk penggumpalan darah dan apakah dengan kondisi seperti itu boleh di vaksin sinovac mohon pencerahan ya dok terima kasih ,"['hai', 'dokter', 'mau', 'bertanya', 'kalau', 'pada', 'saat', 'setiap', 'terlalu', 'kelelahan', 'lalu', 'menyebabkan', 'seperti', 'lebam', 'biru', 'dan', 'merah', 'di', 'kaki', 'betis', 'paha', 'lalu', 'beberapa', 'hari', 'kemudian', 'menghilang', 'lagi', 'dengan', 'sendirinya', 'apakah', 'itu', 'termasuk', 'penggumpalan', 'darah', 'dan', 'apakah', 'dengan', 'kondisi', 'seperti', 'itu', 'boleh', 'di', 'vaksin', 'sinovac', 'mohon', 'pencerahan', 'ya', 'dokter', 'terima', 'kasih']","['hai', 'dokter', 'kelelahan', 'menyebabkan', 'lebam', 'biru', 'merah', 'kaki', 'betis', 'paha', 'menghilang', 'penggumpalan', 'darah', 'kondisi', 'vaksin', 'sinovac', 'mohon', 'pencerahan', 'dokter', 'terima', 'kasih']",hai dokter lelah sebab lebam biru merah kaki betis paha hilang gumpal darah kondisi vaksin sinovac mohon cerah dokter terima kasih
30, hari lalu saya vaksin astrazeneca efek paling berat yang saya rasakan di hari berbeda pegel sekujur badan seharian total sekitar  jam saja tanpa ada sakit kepala  hari sebelum vaksinasi saya rutin minum vitamin sesudav vaksin juga ketika ingin meriang saya minum jus dan alhamdulillah langsung biasa lagi so prepare sebelum vaksinasi dan sesudahnya itu penting vaksin apapun itu supaya bisa mengurangi efek samping ,"['hari', 'lalu', 'saya', 'vaksin', 'astrazeneca', 'efek', 'paling', 'berat', 'yang', 'saya', 'rasakan', 'di', 'hari', 'berbeda', 'pegal', 'sekujur', 'badan', 'seharian', 'total', 'sekitar', 'jam', 'saja', 'tanpa', 'ada', 'sakit', 'kepala', 'hari', 'sebelum', 'vaksinasi', 'saya', 'rutin', 'minum', 'vitamin', 'sesudav', 'vaksin', 'juga', 'ketika', 'ingin', 'meriang', 'saya', 'minum', 'jus', 'dan', 'alhamdulillah', 'langsung', 'biasa', 'lagi', 'sok', 'prepare', 'sebelum', 'vaksinasi', 'dan', 'sesudahnya', 'itu', 'penting', 'vaksin', 'apapun', 'itu', 'supaya', 'bisa', 'mengurangi', 'efek', 'samping']","['vaksin', 'astrazeneca', 'efek', 'berat', 'rasakan', 'berbeda', 'pegal', 'sekujur', 'badan', 'seharian', 'total', 'jam', 'sakit', 'kepala', 'vaksinasi', 'rutin', 'minum', 'vitamin', 'sesudav', 'vaksin', 'meriang', 'minum', 'jus', 'alhamdulillah', 'langsung', 'sok', 'prepare', 'vaksinasi', 'vaksin', 'apapun', 'mengurangi', 'efek', 'samping']",vaksin astrazeneca efek berat rasa beda pegal kujur badan hari total jam sakit kepala vaksinasi rutin minum vitamin sesudav vaksin meriang minum jus alhamdulillah langsung sok prepare vaksinasi vaksin apa kurang efek samping
31,astrazeneca cocok buat bule krn pengujian tesnya relawan bule yg secara fisik daya tahan dan stamina lebih tahan spt pemain bola bandingankan dengan bangsa asia yg secara fisik stamina dan daya tahannya tdk sma dengan bangsa eropa msh cocok vaksin sinovac yg pengujian dan tes relawannya asia ada kemungkinan dosisnya di sesuaikan ,"['astrazeneca', 'cocok', 'buat', 'bule', 'karena', 'pengujian', 'tesnya', 'relawan', 'bule', 'yang', 'secara', 'fisik', 'daya', 'tahan', 'dan', 'stamina', 'lebih', 'tahan', 'seperti', 'pemain', 'bola', 'bandingankan', 'dengan', 'bangsa', 'asia', 'yang', 'secara', 'fisik', 'stamina', 'dan', 'daya', 'tahannya', 'tidak', 'sama', 'dengan', 'bangsa', 'eropa', 'masih', 'cocok', 'vaksin', 'sinovac', 'yang', 'pengujian', 'dan', 'test', 'relawannya', 'asia', 'ada', 'kemungkinan', 'dosisnya', 'di', 'sesuaikan']","['astrazeneca', 'cocok', 'bule', 'pengujian', 'tesnya', 'relawan', 'bule', 'fisik', 'daya', 'tahan', 'stamina', 'tahan', 'pemain', 'bola', 'bandingankan', 'bangsa', 'asia', 'fisik', 'stamina', 'daya', 'tahannya', 'tidak', 'bangsa', 'eropa', 'cocok', 'vaksin', 'sinovac', 'pengujian', 'test', 'relawannya', 'asia', 'dosisnya', 'sesuaikan']",astrazeneca cocok bule uji tes rawan bule fisik daya tahan stamina tahan main bola bandingankan bangsa asia fisik stamina daya tahan tidak bangsa eropa cocok vaksin sinovac uji test rawan asia dosis sesuai
32,dok apakah vaksin nusantara immunotrapi bisa dijadikan alternatif atas segala macam efek keraguan vaksin konvensional lain ,"['dokter', 'apakah', 'vaksin', 'nusantara', 'immunotrapi', 'bisa', 'dijadikan', 'alternatif', 'atas', 'segala', 'macam', 'efek', 'keraguan', 'vaksin', 'konvensional', 'lain']","['dokter', 'vaksin', 'nusantara', 'immunotrapi', 'dijadikan', 'alternatif', 'efek', 'keraguan', 'vaksin', 'konvensional']",dokter vaksin nusantara immunotrapi jadi alternatif efek ragu vaksin konvensional
33,pagi dok tolong tanya untuk meminimalisir efek pembekuan darah apakah kita bisa minum anti platelet seperti thrombo aspillets atau clopidogrel makasih dok ,"['pagi', 'dokter', 'tolong', 'tanya', 'untuk', 'meminimalisir', 'efek', 'pembekuan', 'darah', 'apakah', 'kita', 'bisa', 'minum', 'anti', 'platelet', 'seperti', 'thrombo', 'aspillets', 'atau', 'clopidogrel', 'terima kasih', 'dokter']","['pagi', 'dokter', 'tolong', 'meminimalisir', 'efek', 'pembekuan', 'darah', 'minum', 'anti', 'platelet', 'thrombo', 'aspillets', 'clopidogrel', 'terima kasih', 'dokter']",pagi dokter tolong meminimalisir efek beku darah minum anti platelet thrombo aspillets clopidogrel terima kasih dokter
34,apapun yg terjadi di dlm dunia jika benar toh akan mndpt upah tapi jika salah tujuannya tdk benar tapi di benarkan kelak setiap manusia akan mempertanggungjawabkan perbuatannya ,"['apapun', 'yang', 'terjadi', 'di', 'dalam', 'dunia', 'jika', 'benar', 'toh', 'akan', 'mendapat', 'upah', 'tapi', 'jika', 'salah', 'tujuannya', 'tidak', 'benar', 'tapi', 'di', 'benarkan', 'kelak', 'setiap', 'manusia', 'akan', 'mempertanggungjawabkan', 'perbuatannya']","['apapun', 'dunia', 'upah', 'salah', 'tujuannya', 'tidak', 'benarkan', 'kelak', 'manusia', 'mempertanggungjawabkan', 'perbuatannya']",apa dunia upah salah tuju tidak benar kelak manusia mempertanggungjawabkan buat
35,kalo untuk efek jangka panjangnya gimana dok saya pernah baca sebuah tulisan bahwa untuk pengembangan vaksin diperlukan waktu yang sangat lama bisa  th bahkan puluhan tahun lebih untuk bener ngecek efek berkelanjutannya gimana nah vaksin buat corona ini kan cuma  th jadi gimana tu dok ,"['kalo', 'untuk', 'efek', 'jangka', 'panjangnya', 'bagaimana', 'dokter', 'saya', 'pernah', 'baca', 'sebuah', 'tulisan', 'bahwa', 'untuk', 'pengembangan', 'vaksin', 'diperlukan', 'waktu', 'yang', 'sangat', 'lama', 'bisa', 'tahu', 'bahkan', 'puluhan', 'tahun', 'lebih', 'untuk', 'benar', 'mengecek', 'efek', 'berkelanjutannya', 'bagaimana', 'nah', 'vaksin', 'buat', 'corona', 'ini', 'kan', 'cuma', 'tahu', 'jadi', 'bagaimana', 'itu', 'dokter']","['efek', 'jangka', 'panjangnya', 'dokter', 'baca', 'tulisan', 'pengembangan', 'vaksin', 'puluhan', 'mengecek', 'efek', 'berkelanjutannya', 'vaksin', 'corona', 'dokter']",efek jangka panjang dokter baca tulis kembang vaksin puluh ecek efek lanjut vaksin corona dokter
36,alhamdulillah dok saya vaksin pertama astrazenecca tidak ada efek gejala apapun dok cuma laper terus sama ya pegel ditangan yg divaksin saja mungkin karena imun beda ya dok sehat selalu semuanya ,"['alhamdulillah', 'dokter', 'saya', 'vaksin', 'pertama', 'astrazeneca', 'tidak', 'ada', 'efek', 'gejala', 'apapun', 'dokter', 'cuma', 'laper', 'terus', 'sama', 'ya', 'pegal', 'tangan', 'yang', 'divaksin', 'saja', 'mungkin', 'karena', 'imun', 'beda', 'ya', 'dokter', 'sehat', 'selalu', 'semuanya']","['alhamdulillah', 'dokter', 'vaksin', 'astrazeneca', 'tidak', 'efek', 'gejala', 'apapun', 'dokter', 'laper', 'pegal', 'tangan', 'divaksin', 'imun', 'beda', 'dokter', 'sehat']",alhamdulillah dokter vaksin astrazeneca tidak efek gejala apa dokter laper pegal tangan vaksin imun beda dokter sehat
37,dokter pinter selalu utamakan keamanan dn teliti tuk epekyh agar tida ada korban takut malh sakit kasian orangindonisia takut diracuni oleh orang luar sayh minum ramuan pait sajh trima kasih dok atas perhatiannya semoga sehat selalu amin,"['dokter', 'pintar', 'selalu', 'utamakan', 'keamanan', 'dan', 'teliti', 'untuk', 'epekyh', 'agar', 'tida', 'ada', 'korban', 'takut', 'malah', 'sakit', 'kasihan', 'orangindonisia', 'takut', 'diracuni', 'oleh', 'orang', 'luar', 'sayh', 'minum', 'ramuan', 'pahit', 'sajh', 'terima', 'kasih', 'dokter', 'atas', 'perhatiannya', 'semoga', 'sehat', 'selalu', 'amin']","['dokter', 'pintar', 'utamakan', 'keamanan', 'teliti', 'epekyh', 'tida', 'korban', 'takut', 'sakit', 'kasihan', 'orangindonisia', 'takut', 'diracuni', 'orang', 'sayh', 'minum', 'ramuan', 'pahit', 'sajh', 'terima', 'kasih', 'dokter', 'perhatiannya', 'semoga', 'sehat', 'amin']",dokter pintar utama aman teliti epekyh tida korban takut sakit kasihan orangindonisia takut racun orang sayh minum ramu pahit sajh terima kasih dokter perhati moga sehat amin
38,penjelasan krg baik krg tegas lugas hrsx bs bandingkan dgn jelas bahayanya covid itu akan lbh baik membantu kl ga sm kyk pemerintah semakin jelasin rakyat semakin takut ,"['penjelasan', 'krg', 'baik', 'krg', 'tegas', 'lugas', 'hrsx', 'bisa', 'bandingkan', 'dengan', 'jelas', 'bahayanya', 'covid', 'itu', 'akan', 'lebih', 'baik', 'membantu', 'kalau', 'enggak', 'sama', 'kayak', 'pemerintah', 'semakin', 'jelasin', 'rakyat', 'semakin', 'takut']","['penjelasan', 'krg', 'krg', 'lugas', 'hrsx', 'bandingkan', 'bahayanya', 'covid', 'membantu', 'enggak', 'kayak', 'pemerintah', 'jelasin', 'rakyat', 'takut']",jelas krg krg lugas hrsx banding bahaya covid bantu enggak kayak perintah jelasin rakyat takut
39,saya baru  hari vaksin astra dan tidak mengalamai gejala apapun cuma tangan nyeri banget padahal saya baru  minggu sembuh dari sakit gejala covid puji tuhan,"['saya', 'baru', 'hari', 'vaksin', 'astrazeneca', 'dan', 'tidak', 'mengalamai', 'gejala', 'apapun', 'cuma', 'tangan', 'nyeri', 'sangat', 'padahal', 'saya', 'baru', 'minggu', 'sembuh', 'dari', 'sakit', 'gejala', 'covid', 'puji', 'tuhan']","['vaksin', 'astrazeneca', 'tidak', 'mengalamai', 'gejala', 'apapun', 'tangan', 'nyeri', 'minggu', 'sembuh', 'sakit', 'gejala', 'covid', 'puji', 'tuhan']",vaksin astrazeneca tidak mengalamai gejala apa tangan nyeri minggu sembuh sakit gejala covid puji tuhan
40,isu biasa persaingan bisnis jadi saling menjatuhkan produk intinya saya ga percaya pemerintah ga mungkin mau mencelakakan rakyatnya,"['isu', 'biasa', 'persaingan', 'bisnis', 'jadi', 'saling', 'menjatuhkan', 'produk', 'intinya', 'saya', 'enggak', 'percaya', 'pemerintah', 'enggak', 'mungkin', 'mau', 'mencelakakan', 'rakyatnya']","['isu', 'persaingan', 'bisnis', 'menjatuhkan', 'produk', 'intinya', 'enggak', 'percaya', 'pemerintah', 'enggak', 'mencelakakan', 'rakyatnya']",isu saing bisnis jatuh produk inti enggak percaya perintah enggak celaka rakyat
41,perkongsian yg bermanafaat terima kasih,"['perkongsian', 'yang', 'bermanafaat', 'terima', 'kasih']","['perkongsian', 'bermanafaat', 'terima', 'kasih']",kongsi bermanafaat terima kasih
42,dok apakah ada hubungan antara hb tinggi dgn vaksin az ini soalnya terakhir des  sy diukur hb ny agak tinggi sekitar  jd ga bs donor darah dan sy ada asma jg tp so far aman selama tidak ada pencetus nya makasih dokter ,"['dokter', 'apakah', 'ada', 'hubungan', 'antara', 'hb', 'tinggi', 'dengan', 'vaksin', 'astrazeneca', 'ini', 'soalnya', 'terakhir', 'des', 'saya', 'diukur', 'hb', 'nya', 'agak', 'tinggi', 'sekitar', 'jadi', 'enggak', 'bisa', 'donor', 'darah', 'dan', 'saya', 'ada', 'asma', 'juga', 'tapi', 'sok', 'far', 'aman', 'selama', 'tidak', 'ada', 'pencetus', 'nya', 'terima kasih', 'dokter']","['dokter', 'hubungan', 'hb', 'vaksin', 'astrazeneca', 'des', 'diukur', 'hb', 'enggak', 'donor', 'darah', 'asma', 'sok', 'far', 'aman', 'tidak', 'pencetus', 'terima kasih', 'dokter']",dokter hubung hb vaksin astrazeneca des ukur hb enggak donor darah asma sok far aman tidak cetus terima kasih dokter
43,hallo dok sy busui selama hamil ada riwayat pengentalan darah dimer sampe rb sampe akhirnya turun rb jd harus gimana dok dan busui apakah memang boleh buat vaksin ,"['halo', 'dokter', 'saya', 'busui', 'selama', 'hamil', 'ada', 'riwayat', 'pengentalan', 'darah', 'dimer', 'sampai', 'ribu', 'sampai', 'akhirnya', 'turun', 'ribu', 'jadi', 'harus', 'bagaimana', 'dokter', 'dan', 'busui', 'apakah', 'memang', 'boleh', 'buat', 'vaksin']","['halo', 'dokter', 'busui', 'hamil', 'riwayat', 'pengentalan', 'darah', 'dimer', 'ribu', 'turun', 'ribu', 'dokter', 'busui', 'vaksin']",halo dokter busui hamil riwayat kental darah dimer ribu turun ribu dokter busui vaksin
44,dok klw pengidap myelitis transverse boleh ga di vaksin trima kasih sblm ssdhnya dok ,"['dokter', 'kalau', 'pengidap', 'myelitis', 'transverse', 'boleh', 'enggak', 'di', 'vaksin', 'terima', 'kasih', 'sebelum', 'ssdhnya', 'dokter']","['dokter', 'pengidap', 'myelitis', 'transverse', 'enggak', 'vaksin', 'terima', 'kasih', 'ssdhnya', 'dokter']",dokter idap myelitis transverse enggak vaksin terima kasih ssdhnya dokter
45,terima kasih infonya dok hari ini  juli saya baru saja dapat vaksin kedua dari az dengan jarak  minggu dari yg pertama alhamdulillah dan insha allah gak ada keluhan apa ,"['terima', 'kasih', 'infonya', 'dokter', 'hari', 'ini', 'juli', 'saya', 'baru', 'saja', 'dapat', 'vaksin', 'kedua', 'dari', 'astrazeneca', 'dengan', 'jarak', 'minggu', 'dari', 'yang', 'pertama', 'alhamdulillah', 'dan', 'insha', 'allah', 'tidak', 'ada', 'keluhan', 'apa']","['terima', 'kasih', 'infonya', 'dokter', 'juli', 'vaksin', 'astrazeneca', 'jarak', 'minggu', 'alhamdulillah', 'insha', 'allah', 'tidak', 'keluhan']",terima kasih info dokter juli vaksin astrazeneca jarak minggu alhamdulillah insha allah tidak keluh
46,sudah genap  hari pasca vaksin az alhamdulillah ngga ada gejala apa cuma pegal dilengan yg disuntik aja saya punya riwayat tbc  tahun lalu infeksi paru  tahun lalu ,"['sudah', 'genap', 'hari', 'pasca', 'vaksin', 'astrazeneca', 'alhamdulillah', 'tidak', 'ada', 'gejala', 'apa', 'cuma', 'pegal', 'dilengan', 'yang', 'disuntik', 'saja', 'saya', 'punya', 'riwayat', 'tbc', 'tahun', 'lalu', 'infeksi', 'paru', 'tahun', 'lalu']","['genap', 'pasca', 'vaksin', 'astrazeneca', 'alhamdulillah', 'tidak', 'gejala', 'pegal', 'dilengan', 'disuntik', 'riwayat', 'tbc', 'infeksi', 'paru']",genap pasca vaksin astrazeneca alhamdulillah tidak gejala pegal leng suntik riwayat tbc infeksi paru
47,apakah astrazeneca aman untuk orang pengidap epilepsi dok ,"['apakah', 'astrazeneca', 'aman', 'untuk', 'orang', 'pengidap', 'epilepsi', 'dokter']","['astrazeneca', 'aman', 'orang', 'pengidap', 'epilepsi', 'dokter']",astrazeneca aman orang idap epilepsi dokter
48,halo dokter saya vaksin dosis pertama pfizer terus vaksin kedua nya astrazeneca tapi jarak vaksinasi  dan  cukup lama sekitar  bln untuk efek dari vaksin astrazeneca saya mengalami kurang nafsumakan itu gimana yah ,"['halo', 'dokter', 'saya', 'vaksin', 'dosis', 'pertama', 'pfizer', 'terus', 'vaksin', 'kedua', 'nya', 'astrazeneca', 'tapi', 'jarak', 'vaksinasi', 'dan', 'cukup', 'lama', 'sekitar', 'bulan', 'untuk', 'efek', 'dari', 'vaksin', 'astrazeneca', 'saya', 'mengalami', 'kurang', 'nafsumakan', 'itu', 'bagaimana', 'ya']","['halo', 'dokter', 'vaksin', 'dosis', 'pfizer', 'vaksin', 'astrazeneca', 'jarak', 'vaksinasi', 'efek', 'vaksin', 'astrazeneca', 'mengalami', 'nafsumakan']",halo dokter vaksin dosis pfizer vaksin astrazeneca jarak vaksinasi efek vaksin astrazeneca alami nafsumakan
49,dok saya sudah seminggu di vaksin astrazaneca hari pertama vaksin kepala agak sedikit pusing cuma ga lama hari ke  aman hari ke  sore hari punggung belakang kerasa sakit dan ngilu dan setiap bangun tidur selalu susah untuk bangun dan terasa remuk seluruh badan dan butuh waktu beberapa menit untuk bangun apakah ini efeck dari vaksin nya dok ,"['dokter', 'saya', 'sudah', 'seminggu', 'di', 'vaksin', 'astrazeneca', 'hari', 'pertama', 'vaksin', 'kepala', 'agak', 'sedikit', 'pusing', 'cuma', 'enggak', 'lama', 'hari', 'ke', 'aman', 'hari', 'ke', 'sore', 'hari', 'punggung', 'belakang', 'kerasa', 'sakit', 'dan', 'ngilu', 'dan', 'setiap', 'bangun', 'tidur', 'selalu', 'susah', 'untuk', 'bangun', 'dan', 'terasa', 'remuk', 'seluruh', 'badan', 'dan', 'butuh', 'waktu', 'beberapa', 'menit', 'untuk', 'bangun', 'apakah', 'ini', 'efeck', 'dari', 'vaksin', 'nya', 'dokter']","['dokter', 'seminggu', 'vaksin', 'astrazeneca', 'vaksin', 'kepala', 'pusing', 'enggak', 'aman', 'sore', 'punggung', 'kerasa', 'sakit', 'ngilu', 'bangun', 'tidur', 'susah', 'bangun', 'remuk', 'badan', 'butuh', 'menit', 'bangun', 'efeck', 'vaksin', 'dokter']",dokter minggu vaksin astrazeneca vaksin kepala pusing enggak aman sore punggung rasa sakit ngilu bangun tidur susah bangun remuk badan butuh menit bangun efeck vaksin dokter
50,terima kasih dokter informasinya ,"['terima', 'kasih', 'dokter', 'informasinya']","['terima', 'kasih', 'dokter', 'informasinya']",terima kasih dokter informasi
51,mantap nih dokter pernyataannya sangat netral ,"['mantap', 'nih', 'dokter', 'pernyataannya', 'sangat', 'netral']","['mantap', 'dokter', 'pernyataannya', 'netral']",mantap dokter nyata netral
52,selamat siang dok mohon maaf mengganggu waktunya saya mau nnya dok sy sudah vaksin booster astrazeneca tgl  kemarin pas tgl  bln ini sy ad menstruasi saat malam setelah itu sampai sekarang ngga keluar lagi menstruasi nya apa yg harus saya lakukan dok apakah sy mengalami penggumpalan darah atau bagaimana dok ,"['selamat', 'siang', 'dokter', 'mohon', 'maaf', 'mengganggu', 'waktunya', 'saya', 'mau', 'nnya', 'dokter', 'saya', 'sudah', 'vaksin', 'booster', 'astrazeneca', 'tanggal', 'kemarin', 'pas', 'tanggal', 'bulan', 'ini', 'saya', 'ada', 'menstruasi', 'saat', 'malam', 'setelah', 'itu', 'sampai', 'sekarang', 'tidak', 'keluar', 'lagi', 'menstruasi', 'nya', 'apa', 'yang', 'harus', 'saya', 'lakukan', 'dokter', 'apakah', 'saya', 'mengalami', 'penggumpalan', 'darah', 'atau', 'bagaimana', 'dokter']","['selamat', 'siang', 'dokter', 'mohon', 'maaf', 'mengganggu', 'nnya', 'dokter', 'vaksin', 'booster', 'astrazeneca', 'tanggal', 'kemarin', 'tanggal', 'menstruasi', 'malam', 'tidak', 'menstruasi', 'lakukan', 'dokter', 'mengalami', 'penggumpalan', 'darah', 'dokter']",selamat siang dokter mohon maaf ganggu nnya dokter vaksin booster astrazeneca tanggal kemarin tanggal menstruasi malam tidak menstruasi laku dokter alami gumpal darah dokter
53,mantap dokter jujur god bless you,"['mantap', 'dokter', 'jujur', 'god', 'bless', 'you']","['mantap', 'dokter', 'jujur', 'god', 'bless', 'you']",mantap dokter jujur god bless you
54,dok apa bahayanya jika pemberian vacin dosis  dan yang ke dua tidak sama vacinnya,"['dokter', 'apa', 'bahayanya', 'jika', 'pemberian', 'vacin', 'dosis', 'dan', 'yang', 'ke', 'dua', 'tidak', 'sama', 'vacinnya']","['dokter', 'bahayanya', 'pemberian', 'vacin', 'dosis', 'tidak', 'vacinnya']",dokter bahaya beri vacin dosis tidak vacinnya
55,saya udah dpt dosis  az hari kamis tapi sampai hari ini sya masih merasakan mual tidak enak badan itu kenapa yah dok terimakasih ,"['saya', 'sudah', 'dapat', 'dosis', 'astrazeneca', 'hari', 'kamis', 'tapi', 'sampai', 'hari', 'ini', 'saya', 'masih', 'merasakan', 'mual', 'tidak', 'enak', 'badan', 'itu', 'kenapa', 'ya', 'dokter', 'terimakasih']","['dosis', 'astrazeneca', 'kamis', 'merasakan', 'mual', 'tidak', 'enak', 'badan', 'dokter', 'terimakasih']",dosis astrazeneca kamis rasa mual tidak enak badan dokter terimakasih
56,terimakasih dok ,"['terimakasih', 'dokter']","['terimakasih', 'dokter']",terimakasih dokter
57,maaf dok mau tanya saya tgl  habis vaksin astrazeneca keesokkannya muncul bintik merah semakin hari jadi ruam merah gitu dan merata seluruh badan itu gimana ya dok terimakasih,"['maaf', 'dokter', 'mau', 'tanya', 'saya', 'tanggal', 'habis', 'vaksin', 'astrazeneca', 'keesokkannya', 'muncul', 'bintik', 'merah', 'semakin', 'hari', 'jadi', 'ruam', 'merah', 'begitu', 'dan', 'merata', 'seluruh', 'badan', 'itu', 'bagaimana', 'ya', 'dokter', 'terimakasih']","['maaf', 'dokter', 'tanggal', 'habis', 'vaksin', 'astrazeneca', 'keesokkannya', 'muncul', 'bintik', 'merah', 'ruam', 'merah', 'merata', 'badan', 'dokter', 'terimakasih']",maaf dokter tanggal habis vaksin astrazeneca esok muncul bintik merah ruam merah rata badan dokter terimakasih
58,kalau tetap ada efek samping sama ja itu juga bahaya tubuh kita belum tentu sama daya tahan tubuh setiap manusia,"['kalau', 'tetap', 'ada', 'efek', 'samping', 'sama', 'saja', 'itu', 'juga', 'bahaya', 'tubuh', 'kita', 'belum', 'tentu', 'sama', 'daya', 'tahan', 'tubuh', 'setiap', 'manusia']","['efek', 'samping', 'bahaya', 'tubuh', 'belum', 'daya', 'tahan', 'tubuh', 'manusia']",efek samping bahaya tubuh belum daya tahan tubuh manusia
59,semua komen dan pertanyaan netizen dijawab loh sm dokter top nih dokter aku langsung subcribe deh semoga sehat terus ya dok ,"['semua', 'komen', 'dan', 'pertanyaan', 'netizen', 'dijawab', 'loh', 'sama', 'dokter', 'top', 'nih', 'dokter', 'aku', 'langsung', 'subcribe', 'deh', 'semoga', 'sehat', 'terus', 'ya', 'dokter']","['komen', 'netizen', 'dokter', 'top', 'dokter', 'langsung', 'subcribe', 'deh', 'semoga', 'sehat', 'dokter']",komen netizen dokter top dokter langsung subcribe deh moga sehat dokter
60,semua bilang vaksin baik vaksin baik tapi tidak ada yang bilang vaksin mana yang paling tepat gimana ya kira dok ,"['semua', 'bilang', 'vaksin', 'baik', 'vaksin', 'baik', 'tapi', 'tidak', 'ada', 'yang', 'bilang', 'vaksin', 'mana', 'yang', 'paling', 'tepat', 'bagaimana', 'ya', 'kira', 'dokter']","['vaksin', 'vaksin', 'tidak', 'vaksin', 'dokter']",vaksin vaksin tidak vaksin dokter
61,dok mau tanya kalau ada orang yang sdh mendapatkan vaksin dos  terus rekap jantung hasilnya mempunyai jantung lemah jaraknya sudah  bulan apa orang tersebut boleh mendapatkan vaksin astrazeneca yang kedua ,"['dokter', 'mau', 'tanya', 'kalau', 'ada', 'orang', 'yang', 'sudah', 'mendapatkan', 'vaksin', 'dos', 'terus', 'rekap', 'jantung', 'hasilnya', 'mempunyai', 'jantung', 'lemah', 'jaraknya', 'sudah', 'bulan', 'apa', 'orang', 'tersebut', 'boleh', 'mendapatkan', 'vaksin', 'astrazeneca', 'yang', 'kedua']","['dokter', 'orang', 'vaksin', 'dos', 'rekap', 'jantung', 'hasilnya', 'jantung', 'lemah', 'jaraknya', 'orang', 'vaksin', 'astrazeneca']",dokter orang vaksin dos rekap jantung hasil jantung lemah jarak orang vaksin astrazeneca
